Item Name,Price,Date
PR64004 Pop Race GR Yaris Pandem Metallic Red Toyota PopRace Diecast,Rp599.900,2024-03-03
PR64004 Pop Race GR Yaris Pandem Metallic Red Toyota PopRace Diecast,Rp599.900,2024-03-03
PR64004 Pop Race GR Yaris Pandem Metallic Red Toyota PopRace Diecast,Rp599.900,2024-03-03
PR64004 Pop Race GR Yaris Pandem Metallic Red Toyota PopRace Diecast,Rp599.900,2024-03-03
PR64004 Pop Race GR Yaris Pandem Metallic Red Toyota PopRace Diecast,Rp599.900,2024-03-03
PR64004 Pop Race GR Yaris Pandem Metallic Red Toyota PopRace Diecast,Rp599.900,2024-03-03
PR64004 Pop Race GR Yaris Pandem Metallic Red Toyota PopRace Diecast,Rp599.900,2024-03-03
PR64004 Pop Race GR Yaris Pandem Metallic Red Toyota PopRace Diecast,Rp599.900,2024-03-03
PR64004 Pop Race GR Yaris Pandem Metallic Red Toyota PopRace Diecast,Rp599.900,2024-03-03
PR64004 Pop Race GR Yaris Pandem Metallic Red Toyota PopRace Diecast,Rp599.900,2024-03-03
PR64004 Pop Race GR Yaris Pandem Metallic Red Toyota PopRace Diecast,Rp599.900,2024-03-03
PR64004 Pop Race GR Yaris Pandem Metallic Red Toyota PopRace Diecast,Rp599.900,2024-03-03
PR64004 Pop Race GR Yaris Pandem Metallic Red Toyota PopRace Diecast,Rp599.900,2024-03-03
PR64004 Pop Race GR Yaris Pandem Metallic Red Toyota PopRace Diecast,Rp599.900,2024-03-03
PR64004 Pop Race GR Yaris Pandem Metallic Red Toyota PopRace Diecast,Rp599.900,2024-03-03
PR64004 Pop Race GR Yaris Pandem Metallic Red Toyota PopRace Diecast,Rp599.900,2024-03-03
PR64004 Pop Race GR Yaris Pandem Metallic Red Toyota PopRace Diecast,Rp599.900,2024-03-03
PR64004 Pop Race GR Yaris Pandem Metallic Red Toyota PopRace Diecast,Rp599.900,2024-03-03
PR64004 Pop Race GR Yaris Pandem Metallic Red Toyota PopRace Diecast,Rp599.900,2024-03-03
PR64004 Pop Race GR Yaris Pandem Metallic Red Toyota PopRace Diecast,Rp599.900,2024-03-03
PR64004 Pop Race GR Yaris Pandem Metallic Red Toyota PopRace Diecast,Rp599.900,2024-03-03
PR64004 Pop Race GR Yaris Pandem Metallic Red Toyota PopRace Diecast,Rp599.900,2024-03-03
PR64004 Pop Race GR Yaris Pandem Metallic Red Toyota PopRace Diecast,Rp599.900,2024-03-03
PR64004 Pop Race GR Yaris Pandem Metallic Red Toyota PopRace Diecast,Rp599.900,2024-03-03
PR64004 Pop Race GR Yaris Pandem Metallic Red Toyota PopRace Diecast,Rp599.900,2024-03-03
PR64004 Pop Race GR Yaris Pandem Metallic Red Toyota PopRace Diecast,Rp599.900,2024-03-03
PR64004 Pop Race GR Yaris Pandem Metallic Red Toyota PopRace Diecast,Rp599.900,2024-03-03
PR64004 Pop Race GR Yaris Pandem Metallic Red Toyota PopRace Diecast,Rp599.900,2024-03-03
PR64004 Pop Race GR Yaris Pandem Metallic Red Toyota PopRace Diecast,Rp599.900,2024-03-03
PR64004 Pop Race GR Yaris Pandem Metallic Red Toyota PopRace Diecast,Rp599.900,2024-03-03
PR64004 Pop Race GR Yaris Pandem Metallic Red Toyota PopRace Diecast,Rp599.900,2024-03-03
PR64004 Pop Race GR Yaris Pandem Metallic Red Toyota PopRace Diecast,Rp599.900,2024-03-03
PR64004 Pop Race GR Yaris Pandem Metallic Red Toyota PopRace Diecast,Rp599.900,2024-03-03
PR64004 Pop Race GR Yaris Pandem Metallic Red Toyota PopRace Diecast,Rp599.900,2024-03-03
PR64004 Pop Race GR Yaris Pandem Metallic Red Toyota PopRace Diecast,Rp599.900,2024-03-03
PR64004 Pop Race GR Yaris Pandem Metallic Red Toyota PopRace Diecast,Rp599.900,2024-03-03
PR64004 Pop Race GR Yaris Pandem Metallic Red Toyota PopRace Diecast,Rp599.900,2024-03-03
PR64004 Pop Race GR Yaris Pandem Metallic Red Toyota PopRace Diecast,Rp599.900,2024-03-03
PR64004 Pop Race GR Yaris Pandem Metallic Red Toyota PopRace Diecast,Rp599.900,2024-03-03
PR64004 Pop Race GR Yaris Pandem Metallic Red Toyota PopRace Diecast,Rp599.900,2024-03-03
PR64004 Pop Race GR Yaris Pandem Metallic Red Toyota PopRace Diecast,Rp599.900,2024-03-03
PR64004 Pop Race GR Yaris Pandem Metallic Red Toyota PopRace Diecast,Rp599.900,2024-03-03
PR64004 Pop Race GR Yaris Pandem Metallic Red Toyota PopRace Diecast,Rp599.900,2024-03-03
